identifier,year,url
AL 2025-06,2025,https://pxl-sccvirginiagov.terminalfour.net/prod01/channel_3/media/sccvirginiagov-home/regulated-industries/insurance/insurance-companies/administration-of-insurance-regulation-in-virginia/administrative-letters/AL-2025-06.pdf
AL 2025-05,2025,https://pxl-sccvirginiagov.terminalfour.net/prod01/channel_3/media/sccvirginiagov-home/regulated-industries/insurance/insurance-companies/administration-of-insurance-regulation-in-virginia/administrative-letters/AL-2025-05.pdf
AL 2025-04,2025,https://pxl-sccvirginiagov.terminalfour.net/prod01/channel_3/media/sccvirginiagov-home/regulated-industries/insurance/insurance-companies/administration-of-insurance-regulation-in-virginia/administrative-letters/25-04.pdf
AL 2025-03,2025,https://pxl-sccvirginiagov.terminalfour.net/prod01/channel_3/media/sccvirginiagov-home/regulated-industries/insurance/insurance-companies/administration-of-insurance-regulation-in-virginia/administrative-letters/AL-2025-03.pdf
AL 2025-02,2025,https://pxl-sccvirginiagov.terminalfour.net/prod01/channel_3/media/sccvirginiagov-home/regulated-industries/insurance/insurance-companies/administration-of-insurance-regulation-in-virginia/administrative-letters/AL-2025-02-AL.pdf
AL 2025-01,2025,https://pxl-sccvirginiagov.terminalfour.net/prod01/channel_3/media/sccvirginiagov-home/regulated-industries/insurance/insurance-companies/administration-of-insurance-regulation-in-virginia/administrative-letters/AL-2025-01.pdf
AL 2024-01,2024,https://pxl-sccvirginiagov.terminalfour.net/prod01/channel_3/media/sccvirginiagov-home/regulated-industries/insurance/insurance-companies/administration-of-insurance-regulation-in-virginia/administrative-letters/AL-2024-01.pdf
AL 2023-01,2023,https://pxl-sccvirginiagov.terminalfour.net/prod01/channel_3/media/sccvirginiagov-home/regulated-industries/insurance/insurance-companies/administration-of-insurance-regulation-in-virginia/administrative-letters/AL-23-01.pdf
AL 2022-03,2022,https://pxl-sccvirginiagov.terminalfour.net/prod01/channel_3/media/sccvirginiagov-home/regulated-industries/insurance/insurance-companies/administration-of-insurance-regulation-in-virginia/administrative-letters/AL-22-03.pdf
AL 2022-02,2022,https://pxl-sccvirginiagov.terminalfour.net/prod01/channel_3/media/sccvirginiagov-home/regulated-industries/insurance/insurance-companies/administration-of-insurance-regulation-in-virginia/administrative-letters/AL_22-02.pdf
AL 2022-01,2022,https://pxl-sccvirginiagov.terminalfour.net/prod01/channel_3/media/sccvirginiagov-home/regulated-industries/insurance/insurance-companies/administration-of-insurance-regulation-in-virginia/administrative-letters/al-22-01.pdf
AL 2021-04,2021,https://pxl-sccvirginiagov.terminalfour.net/prod01/channel_3/media/sccvirginiagov-home/regulated-industries/insurance/insurance-companies/administration-of-insurance-regulation-in-virginia/administrative-letters/21-04.pdf
AL 2020-07,2020,https://pxl-sccvirginiagov.terminalfour.net/prod01/channel_3/media/sccvirginiagov-home/regulated-industries/insurance/insurance-companies/administration-of-insurance-regulation-in-virginia/administrative-letters/AL2020-07.pdf
AL 2020-06,2020,https://pxl-sccvirginiagov.terminalfour.net/prod01/channel_3/media/sccvirginiagov-home/regulated-industries/insurance/insurance-companies/administration-of-insurance-regulation-in-virginia/administrative-letters/2020-06.pdf
AL 2020-04,2020,https://pxl-sccvirginiagov.terminalfour.net/prod01/channel_3/media/sccvirginiagov-home/regulated-industries/insurance/insurance-companies/administration-of-insurance-regulation-in-virginia/administrative-letters/2020-04.pdf
AL 2020-03,2020,https://pxl-sccvirginiagov.terminalfour.net/prod01/channel_3/media/sccvirginiagov-home/regulated-industries/insurance/insurance-companies/administration-of-insurance-regulation-in-virginia/administrative-letters/2020-03.pdf
AL 2020-01,2020,https://pxl-sccvirginiagov.terminalfour.net/prod01/channel_3/media/sccvirginiagov-home/regulated-industries/insurance/insurance-companies/administration-of-insurance-regulation-in-virginia/administrative-letters/20-01.pdf
AL 2019-01,2019,https://pxl-sccvirginiagov.terminalfour.net/prod01/channel_3/media/sccvirginiagov-home/regulated-industries/insurance/insurance-companies/administration-of-insurance-regulation-in-virginia/administrative-letters/19-01.pdf
AL 2018-07,2018,https://pxl-sccvirginiagov.terminalfour.net/prod01/channel_3/media/sccvirginiagov-home/regulated-industries/insurance/insurance-companies/administration-of-insurance-regulation-in-virginia/administrative-letters/18-07.pdf
AL 2018-05,2018,https://pxl-sccvirginiagov.terminalfour.net/prod01/channel_3/media/sccvirginiagov-home/regulated-industries/insurance/insurance-companies/administration-of-insurance-regulation-in-virginia/administrative-letters/18-05.pdf
AL 2018-03,2018,https://pxl-sccvirginiagov.terminalfour.net/prod01/channel_3/media/sccvirginiagov-home/regulated-industries/insurance/insurance-companies/administration-of-insurance-regulation-in-virginia/administrative-letters/18-03.pdf
AL 2018-02,2018,https://pxl-sccvirginiagov.terminalfour.net/prod01/channel_3/media/sccvirginiagov-home/regulated-industries/insurance/insurance-companies/administration-of-insurance-regulation-in-virginia/administrative-letters/AL-2018-02.pdf
AL 2017-04,2017,https://pxl-sccvirginiagov.terminalfour.net/prod01/channel_3/media/sccvirginiagov-home/regulated-industries/insurance/licensing-amp-registration/real-estate-settlement-agents-resa/administrative-informational-letters/17-04.pdf
AL 2017-03,2017,https://pxl-sccvirginiagov.terminalfour.net/prod01/channel_3/media/sccvirginiagov-home/regulated-industries/insurance/insurance-companies/administration-of-insurance-regulation-in-virginia/administrative-letters/17-03.pdf
AL 2017-01,2017,https://pxl-sccvirginiagov.terminalfour.net/prod01/channel_3/media/sccvirginiagov-home/regulated-industries/insurance/insurance-companies/administration-of-insurance-regulation-in-virginia/administrative-letters/17-01.pdf
AL 2016-09,2016,https://pxl-sccvirginiagov.terminalfour.net/prod01/channel_3/media/sccvirginiagov-home/regulated-industries/insurance/insurance-companies/administration-of-insurance-regulation-in-virginia/administrative-letters/16-09.pdf
AL 2016-08,2016,https://pxl-sccvirginiagov.terminalfour.net/prod01/channel_3/media/sccvirginiagov-home/regulated-industries/insurance/insurance-companies/administration-of-insurance-regulation-in-virginia/administrative-letters/AL-2016-08.pdf
AL 2016-07,2016,https://pxl-sccvirginiagov.terminalfour.net/prod01/channel_3/media/sccvirginiagov-home/regulated-industries/insurance/insurance-companies/administration-of-insurance-regulation-in-virginia/administrative-letters/16-07.pdf
AL 2016-06,2016,https://pxl-sccvirginiagov.terminalfour.net/prod01/channel_3/media/sccvirginiagov-home/regulated-industries/insurance/insurance-companies/administration-of-insurance-regulation-in-virginia/administrative-letters/16-06.pdf
AL 2016-05,2016,https://pxl-sccvirginiagov.terminalfour.net/prod01/channel_3/media/sccvirginiagov-home/regulated-industries/insurance/insurance-companies/administration-of-insurance-regulation-in-virginia/administrative-letters/16-05.pdf
AL 2016-03,2016,https://pxl-sccvirginiagov.terminalfour.net/prod01/channel_3/media/sccvirginiagov-home/regulated-industries/insurance/insurance-companies/administration-of-insurance-regulation-in-virginia/administrative-letters/16-03.pdf
AL 2015-07,2015,https://pxl-sccvirginiagov.terminalfour.net/prod01/channel_3/media/sccvirginiagov-home/regulated-industries/insurance/insurance-companies/administration-of-insurance-regulation-in-virginia/administrative-letters/15-07.pdf
AL 2013-06,2013,https://pxl-sccvirginiagov.terminalfour.net/prod01/channel_3/media/sccvirginiagov-home/regulated-industries/insurance/insurance-companies/administration-of-insurance-regulation-in-virginia/administrative-letters/13-06.pdf
AL 2013-01,2013,https://pxl-sccvirginiagov.terminalfour.net/prod01/channel_3/media/sccvirginiagov-home/regulated-industries/insurance/insurance-companies/administration-of-insurance-regulation-in-virginia/administrative-letters/13-01.pdf
AL 2012-11,2012,https://pxl-sccvirginiagov.terminalfour.net/prod01/channel_3/media/sccvirginiagov-home/regulated-industries/insurance/insurance-companies/administration-of-insurance-regulation-in-virginia/administrative-letters/12-11.pdf
AL 2012-07,2012,https://pxl-sccvirginiagov.terminalfour.net/prod01/channel_3/media/sccvirginiagov-home/regulated-industries/insurance/insurance-companies/administration-of-insurance-regulation-in-virginia/administrative-letters/12-07.pdf
AL 2012-04,2012,https://pxl-sccvirginiagov.terminalfour.net/prod01/channel_3/media/sccvirginiagov-home/regulated-industries/insurance/insurance-companies/administration-of-insurance-regulation-in-virginia/administrative-letters/12-04.pdf
AL 2011-03,2011,https://pxl-sccvirginiagov.terminalfour.net/prod01/channel_3/media/sccvirginiagov-home/regulated-industries/insurance/insurance-companies/administration-of-insurance-regulation-in-virginia/administrative-letters/11-03.pdf
AL 2011-02,2011,https://pxl-sccvirginiagov.terminalfour.net/prod01/channel_3/media/sccvirginiagov-home/regulated-industries/insurance/insurance-companies/administration-of-insurance-regulation-in-virginia/administrative-letters/11-02.pdf
AL 2010-07,2010,https://pxl-sccvirginiagov.terminalfour.net/prod01/channel_3/media/sccvirginiagov-home/regulated-industries/insurance/insurance-companies/administration-of-insurance-regulation-in-virginia/administrative-letters/10-07.pdf
AL 2010-05,2010,https://pxl-sccvirginiagov.terminalfour.net/prod01/channel_3/media/sccvirginiagov-home/regulated-industries/insurance/insurance-companies/administration-of-insurance-regulation-in-virginia/administrative-letters/10-05.pdf
AL 2009-11,2009,https://pxl-sccvirginiagov.terminalfour.net/prod01/channel_3/media/sccvirginiagov-home/regulated-industries/insurance/insurance-companies/administration-of-insurance-regulation-in-virginia/administrative-letters/09-11.pdf
AL 2009-09,2009,https://pxl-sccvirginiagov.terminalfour.net/prod01/channel_3/media/sccvirginiagov-home/regulated-industries/insurance/insurance-companies/administration-of-insurance-regulation-in-virginia/administrative-letters/09-09.pdf
AL 2009-02,2009,https://pxl-sccvirginiagov.terminalfour.net/prod01/channel_3/media/sccvirginiagov-home/regulated-industries/insurance/insurance-companies/administration-of-insurance-regulation-in-virginia/administrative-letters/09-02.pdf
AL 2008-10,2008,https://pxl-sccvirginiagov.terminalfour.net/prod01/channel_3/media/sccvirginiagov-home/regulated-industries/insurance/insurance-companies/administration-of-insurance-regulation-in-virginia/administrative-letters/08-10.pdf
AL 2008-09,2008,https://pxl-sccvirginiagov.terminalfour.net/prod01/channel_3/media/sccvirginiagov-home/regulated-industries/insurance/insurance-companies/administration-of-insurance-regulation-in-virginia/administrative-letters/08-09.pdf
AL 2008-06,2008,https://pxl-sccvirginiagov.terminalfour.net/prod01/channel_3/media/sccvirginiagov-home/regulated-industries/insurance/insurance-companies/administration-of-insurance-regulation-in-virginia/administrative-letters/08-06.pdf
AL 2008-03,2008,https://pxl-sccvirginiagov.terminalfour.net/prod01/channel_3/media/sccvirginiagov-home/regulated-industries/insurance/insurance-companies/administration-of-insurance-regulation-in-virginia/administrative-letters/08-03.pdf
AL 2007-03,2007,https://pxl-sccvirginiagov.terminalfour.net/prod01/channel_3/media/sccvirginiagov-home/regulated-industries/insurance/insurance-companies/administration-of-insurance-regulation-in-virginia/administrative-letters/07-03.pdf
AL 2007-01,2007,https://pxl-sccvirginiagov.terminalfour.net/prod01/channel_3/media/sccvirginiagov-home/regulated-industries/insurance/insurance-companies/administration-of-insurance-regulation-in-virginia/administrative-letters/07-01.pdf
AL 2006-15,2006,https://pxl-sccvirginiagov.terminalfour.net/prod01/channel_3/media/sccvirginiagov-home/regulated-industries/insurance/insurance-companies/administration-of-insurance-regulation-in-virginia/administrative-letters/06-15.pdf
AL 2006-09,2006,https://pxl-sccvirginiagov.terminalfour.net/prod01/channel_3/media/sccvirginiagov-home/regulated-industries/insurance/insurance-companies/administration-of-insurance-regulation-in-virginia/administrative-letters/06-09.pdf
AL 2006-06,2006,https://pxl-sccvirginiagov.terminalfour.net/prod01/channel_3/media/sccvirginiagov-home/regulated-industries/insurance/insurance-companies/administration-of-insurance-regulation-in-virginia/administrative-letters/06-06.pdf
AL 2005-14,2005,https://pxl-sccvirginiagov.terminalfour.net/prod01/channel_3/media/sccvirginiagov-home/regulated-industries/insurance/insurance-companies/administration-of-insurance-regulation-in-virginia/administrative-letters/05-14.pdf
AL 2005-13,2005,https://pxl-sccvirginiagov.terminalfour.net/prod01/channel_3/media/sccvirginiagov-home/regulated-industries/insurance/insurance-companies/administration-of-insurance-regulation-in-virginia/administrative-letters/05-13.pdf
AL 2005-01,2005,https://www.scc.virginia.gov/media/sccvirginiagov-home/regulated-industries/insurance/insurance-companies/property-casualty-companies/letters-to-regulated-entities-by-topic/05-01.pdf
AL 2003-08,2003,https://pxl-sccvirginiagov.terminalfour.net/prod01/channel_3/media/sccvirginiagov-home/regulated-industries/insurance/insurance-companies/administration-of-insurance-regulation-in-virginia/administrative-letters/03-08.pdf
AL 2003-03,2003,https://pxl-sccvirginiagov.terminalfour.net/prod01/channel_3/media/sccvirginiagov-home/regulated-industries/insurance/insurance-companies/administration-of-insurance-regulation-in-virginia/administrative-letters/03-03.pdf
AL 2002-11,2002,https://pxl-sccvirginiagov.terminalfour.net/prod01/channel_3/media/sccvirginiagov-home/regulated-industries/insurance/insurance-companies/administration-of-insurance-regulation-in-virginia/administrative-letters/02-11.pdf
AL 2002-09,2002,https://pxl-sccvirginiagov.terminalfour.net/prod01/channel_3/media/sccvirginiagov-home/regulated-industries/insurance/insurance-companies/administration-of-insurance-regulation-in-virginia/administrative-letters/02-09.pdf
AL 2002-06,2002,https://pxl-sccvirginiagov.terminalfour.net/prod01/channel_3/media/sccvirginiagov-home/regulated-industries/insurance/insurance-companies/administration-of-insurance-regulation-in-virginia/administrative-letters/02-06.pdf
AL 2002-04,2002,https://pxl-sccvirginiagov.terminalfour.net/prod01/channel_3/media/sccvirginiagov-home/regulated-industries/insurance/insurance-companies/administration-of-insurance-regulation-in-virginia/administrative-letters/02-04.pdf
AL 2002-01,2002,https://pxl-sccvirginiagov.terminalfour.net/prod01/channel_3/media/sccvirginiagov-home/regulated-industries/insurance/insurance-companies/administration-of-insurance-regulation-in-virginia/administrative-letters/02-01.pdf
AL 2001-6,2001,https://pxl-sccvirginiagov.terminalfour.net/prod01/channel_3/media/sccvirginiagov-home/regulated-industries/insurance/insurance-companies/administration-of-insurance-regulation-in-virginia/administrative-letters/01-6.pdf
AL 2001-5,2001,https://pxl-sccvirginiagov.terminalfour.net/prod01/channel_3/media/sccvirginiagov-home/regulated-industries/insurance/insurance-companies/administration-of-insurance-regulation-in-virginia/administrative-letters/01-5.pdf
AL 2000-05,2000,https://pxl-sccvirginiagov.terminalfour.net/prod01/channel_3/media/sccvirginiagov-home/regulated-industries/insurance/insurance-companies/administration-of-insurance-regulation-in-virginia/administrative-letters/00-5.pdf
AL 2000-03,2000,https://pxl-sccvirginiagov.terminalfour.net/prod01/channel_3/media/sccvirginiagov-home/regulated-industries/insurance/insurance-companies/administration-of-insurance-regulation-in-virginia/administrative-letters/00-3.pdf
AL 1999-14,1999,https://pxl-sccvirginiagov.terminalfour.net/prod01/channel_3/media/sccvirginiagov-home/regulated-industries/insurance/insurance-companies/administration-of-insurance-regulation-in-virginia/administrative-letters/al99-14.pdf
AL 1999-12,1999,https://pxl-sccvirginiagov.terminalfour.net/prod01/channel_3/media/sccvirginiagov-home/regulated-industries/insurance/insurance-companies/administration-of-insurance-regulation-in-virginia/administrative-letters/al99-12.pdf
AL 1999-11,1999,https://pxl-sccvirginiagov.terminalfour.net/prod01/channel_3/media/sccvirginiagov-home/regulated-industries/insurance/insurance-companies/administration-of-insurance-regulation-in-virginia/administrative-letters/al99-11.pdf
AL 1999-08,1999,https://pxl-sccvirginiagov.terminalfour.net/prod01/channel_3/media/sccvirginiagov-home/regulated-industries/insurance/insurance-companies/administration-of-insurance-regulation-in-virginia/administrative-letters/al99-8.pdf
AL 1999-05,1999,https://pxl-sccvirginiagov.terminalfour.net/prod01/channel_3/media/sccvirginiagov-home/regulated-industries/insurance/insurance-companies/administration-of-insurance-regulation-in-virginia/administrative-letters/al99-5.pdf
AL 1995-8,1995,https://pxl-sccvirginiagov.terminalfour.net/prod01/channel_3/media/sccvirginiagov-home/regulated-industries/insurance/insurance-companies/administration-of-insurance-regulation-in-virginia/administrative-letters/95-8.pdf
AL 1995-10,1995,https://pxl-sccvirginiagov.terminalfour.net/prod01/channel_3/media/sccvirginiagov-home/regulated-industries/insurance/insurance-companies/administration-of-insurance-regulation-in-virginia/administrative-letters/95-10.pdf
AL 1993-6,1993,https://pxl-sccvirginiagov.terminalfour.net/prod01/channel_3/media/sccvirginiagov-home/regulated-industries/insurance/insurance-companies/administration-of-insurance-regulation-in-virginia/administrative-letters/93-6.pdf
AL 1993-19,1993,https://pxl-sccvirginiagov.terminalfour.net/prod01/channel_3/media/sccvirginiagov-home/regulated-industries/insurance/insurance-companies/administration-of-insurance-regulation-in-virginia/administrative-letters/93-19.pdf
AL 1992-6,1992,https://pxl-sccvirginiagov.terminalfour.net/prod01/channel_3/media/sccvirginiagov-home/regulated-industries/insurance/insurance-companies/administration-of-insurance-regulation-in-virginia/administrative-letters/92-6.pdf
AL 1991-7,1991,https://pxl-sccvirginiagov.terminalfour.net/prod01/channel_3/media/sccvirginiagov-home/regulated-industries/insurance/insurance-companies/administration-of-insurance-regulation-in-virginia/administrative-letters/91-7.pdf
AL 1990-15,1990,https://pxl-sccvirginiagov.terminalfour.net/prod01/channel_3/media/sccvirginiagov-home/regulated-industries/insurance/insurance-companies/administration-of-insurance-regulation-in-virginia/administrative-letters/90-15.pdf
AL 1990-14,1990,https://pxl-sccvirginiagov.terminalfour.net/prod01/channel_3/media/sccvirginiagov-home/regulated-industries/insurance/insurance-companies/administration-of-insurance-regulation-in-virginia/administrative-letters/90-14.pdf
AL 1987-4,1987,https://pxl-sccvirginiagov.terminalfour.net/prod01/channel_3/media/sccvirginiagov-home/regulated-industries/insurance/insurance-companies/administration-of-insurance-regulation-in-virginia/administrative-letters/87-4.pdf
AL 1983-7,1983,https://pxl-sccvirginiagov.terminalfour.net/prod01/channel_3/media/sccvirginiagov-home/regulated-industries/insurance/insurance-companies/administration-of-insurance-regulation-in-virginia/administrative-letters/83-7.pdf
AL 1982-16,1982,https://www.scc.virginia.gov/media/sccvirginiagov-home/regulated-industries/insurance/insurance-companies/property-casualty-companies/letters-to-regulated-entities-by-topic/82-16.pdf
AL 1982-10,1982,https://pxl-sccvirginiagov.terminalfour.net/prod01/channel_3/media/sccvirginiagov-home/regulated-industries/insurance/insurance-companies/administration-of-insurance-regulation-in-virginia/administrative-letters/82-10.pdf
AL 1981-9,1981,https://pxl-sccvirginiagov.terminalfour.net/prod01/channel_3/media/sccvirginiagov-home/regulated-industries/insurance/insurance-companies/administration-of-insurance-regulation-in-virginia/administrative-letters/81-9.pdf
AL 1981-14,1981,https://pxl-sccvirginiagov.terminalfour.net/prod01/channel_3/media/sccvirginiagov-home/regulated-industries/insurance/insurance-companies/administration-of-insurance-regulation-in-virginia/administrative-letters/81-14.pdf
AL 1981-12,1981,https://pxl-sccvirginiagov.terminalfour.net/prod01/channel_3/media/sccvirginiagov-home/regulated-industries/insurance/insurance-companies/administration-of-insurance-regulation-in-virginia/administrative-letters/81-12.pdf
AL 1981-10,1981,https://pxl-sccvirginiagov.terminalfour.net/prod01/channel_3/media/sccvirginiagov-home/regulated-industries/insurance/insurance-companies/administration-of-insurance-regulation-in-virginia/administrative-letters/81-10.pdf
AL 1979-21,1979,https://pxl-sccvirginiagov.terminalfour.net/prod01/channel_3/media/sccvirginiagov-home/regulated-industries/insurance/insurance-companies/administration-of-insurance-regulation-in-virginia/administrative-letters/79-21.pdf
AL 1979-20,1979,https://pxl-sccvirginiagov.terminalfour.net/prod01/channel_3/media/sccvirginiagov-home/regulated-industries/insurance/insurance-companies/administration-of-insurance-regulation-in-virginia/administrative-letters/79-20.pdf
